<?xml version="1.0" encoding="UTF-8"?>
<project-private xmlns="http://www.netbeans.org/ns/project-private/1">
    <editor-bookmarks xmlns="http://www.netbeans.org/ns/editor-bookmarks/2" lastBookmarkId="0"/>
    <open-files xmlns="http://www.netbeans.org/ns/projectui-open-files/2">
        <group>
            <file>file:/C:/Users/Souleymane.Sono/OneDrive%20-%20Playtech/Documents/NetBeansProjects/BloodBankManagementV1/src/BloodBankManagement/CreateNewUser.java</file>
            <file>file:/C:/Users/Souleymane.Sono/OneDrive%20-%20Playtech/Documents/NetBeansProjects/BloodBankManagementV1/src/BloodBankManagement/Menu.java</file>
            <file>file:/C:/Users/Souleymane.Sono/OneDrive%20-%20Playtech/Documents/NetBeansProjects/BloodBankManagementV1/src/BloodBankManagement/NewUserForm.java</file>
            <file>file:/C:/Users/Souleymane.Sono/OneDrive%20-%20Playtech/Documents/NetBeansProjects/BloodBankManagementV1/src/BloodBankManagement/Inventory.java</file>
            <file>file:/C:/Users/Souleymane.Sono/OneDrive%20-%20Playtech/Documents/NetBeansProjects/BloodBankManagementV1/src/BloodBankManagement/LoginPage.java</file>
            <file>file:/C:/Users/Souleymane.Sono/OneDrive%20-%20Playtech/Documents/NetBeansProjects/BloodBankManagementV1/src/BloodBankManagement/DonorMenu.java</file>
            <file>file:/C:/Users/Souleymane.Sono/OneDrive%20-%20Playtech/Documents/NetBeansProjects/BloodBankManagementV1/src/BloodBankManagement/Registration.java</file>
        </group>
    </open-files>
</project-private>
