<?xml version="1.0" encoding="UTF-8"?>
<project-private xmlns="http://www.netbeans.org/ns/project-private/1">
    <editor-bookmarks xmlns="http://www.netbeans.org/ns/editor-bookmarks/2" lastBookmarkId="0"/>
    <open-files xmlns="http://www.netbeans.org/ns/projectui-open-files/2">
        <group>
            <file>file:/Users/gagegjorgjeski/Desktop/BloodBank-GageMG-patch-1/BloodBankManagementV2/src/BloodBankManagement/BloodTableJFrame.java</file>
            <file>file:/Users/gagegjorgjeski/Desktop/BloodBank-GageMG-patch-1/BloodBankManagementV2/src/BloodBankManagement/Inventory.java</file>
            <file>file:/Users/gagegjorgjeski/Desktop/BloodBank-GageMG-patch-1/BloodBankManagementV2/src/BloodBankManagement/AddBloodFrame.java</file>
            <file>file:/Users/gagegjorgjeski/Desktop/BloodBank-GageMG-patch-1/BloodBankManagementV2/src/BloodBankManagement/NewUserForm.java</file>
        </group>
    </open-files>
</project-private>
