<?xml version="1.0" encoding="UTF-8"?>
<project-private xmlns="http://www.netbeans.org/ns/project-private/1">
    <editor-bookmarks xmlns="http://www.netbeans.org/ns/editor-bookmarks/2" lastBookmarkId="0"/>
    <open-files xmlns="http://www.netbeans.org/ns/projectui-open-files/2">
        <group>
            <file>file:/C:/Users/Souleymane/Downloads/Current/BloodBankProject-master/src/BloodBankManagement/UpdateDonorInfo.java</file>
            <file>file:/C:/Users/Souleymane/Downloads/Current/BloodBankProject-master/src/BloodBankManagement/DonorMenu.java</file>
            <file>file:/C:/Users/Souleymane/Downloads/Current/BloodBankProject-master/src/BloodBankManagement/Printing.java</file>
            <file>file:/C:/Users/Souleymane/Downloads/Current/BloodBankProject-master/src/BloodBankManagement/Inventory.java</file>
            <file>file:/C:/Users/Souleymane/Downloads/Current/BloodBankProject-master/src/BloodBankManagement/CreateNewUser.java</file>
            <file>file:/C:/Users/Souleymane/Downloads/Current/BloodBankProject-master/src/BloodBankManagement/ActivityLog.java</file>
            <file>file:/C:/Users/Souleymane/Downloads/Current/BloodBankProject-master/src/BloodBankManagement/GetDatafromSever.java</file>
            <file>file:/C:/Users/Souleymane/Downloads/Current/BloodBankProject-master/src/BloodBankManagement/AddBlood.java</file>
            <file>file:/C:/Users/Souleymane/Downloads/Current/BloodBankProject-master/src/BloodBankManagement/DeleteDonor.java</file>
            <file>file:/C:/Users/Souleymane/Downloads/Current/BloodBankProject-master/src/BloodBankManagement/Menu.java</file>
            <file>file:/C:/Users/Souleymane/Downloads/Current/BloodBankProject-master/src/BloodBankManagement/LabelPane.java</file>
            <file>file:/C:/Users/Souleymane/Downloads/Current/BloodBankProject-master/src/BloodBankManagement/PasswordUtils.java</file>
            <file>file:/C:/Users/Souleymane/Downloads/Current/BloodBankProject-master/src/BloodBankManagement/ConnectData.java</file>
            <file>file:/C:/Users/Souleymane/Downloads/Current/BloodBankProject-master/src/BloodBankManagement/LoginPage.java</file>
        </group>
    </open-files>
</project-private>
